artist_key,artist_name
2bfa81c65c7aa7ff33a6f6e4ca2ae4eb,Laufey
2bbbfc164420bd2643f092158899ddef,JVKE
9832fe5323d86e0825ed9fc0c390c4e7,Andrew Garfield
263ba9b3644b3b63369d2664e1876c93,Robin de Jesús
44216077a82bc82eb6b08539cb873ae1,Andy Grammer
ec6a44e3a87195932206a88ff6285d21,Fitz And The Tantrums
652183328d5a32739ca0b3ee38eae087,Sad Alex
84fec99ff07bdc288e9525a2473ad1cc,Caleb Hearn
5aa19af88cffcb1c5b65f3c542f68ed9,G.Soul
8169ad5419df96ed7c523e459a9e54f1,fromis_9
aab2f6c6c2ef4679444dcbf14dd28742,MANWOLVES
2d102562b6be0d5e31696a4754155a71,Lauren Spencer Smith
2ccfe252b25ba508eec7ffb7a3617fcb,Gareth.T
18bc963752cd1de09a71348766ffed12,5 Seconds of Summer
1253ee69fccc013b8ba8204ee8cf457f,Fujii Kaze
a0c6a105445ab41fc8117703ded1113c,Ava Maybee
26ee8a65de64facd1bfa1c3a7d3a8254,Zico
b392f83bc59e050cb8bf449859564579,Homies
40e3a9ce634334d988f91e601fc0e6ad,Nana Ou-yang
0090d3889ec127ab0bab0c815d24a5ea,BLUE ENCOUNT
bcf96a80956ee901a787d7c10c8380a1,NO:EL
37c2fcb0b2e2389cd056c2e7f92ca1fc,M.C The Max
16fbae61ac4d7d48e64af8c6578293bc,Hybs
f3626d4d9a2aa9d1d19786666943aa6a,Gwangil Jo
ddbe13854f4de7daac81be3cd9776ade,Monday Kiz
f3d49c662b77a09c6ec54c0192be5612,Night Off
c6646fe8375e1902325d0b1c9b2f099d,Armani White
2cf42bf56096bc9b69700ff8c8673108,Lilacs. & Lizzy McAlpine
b05c91730fbba5650d41d2f18f357f31,Why Don't We
5d37177f3fc58ad4cdaea3dbd249cdb0,Lauv
061d50d21423274cdc628f01016290cd,Seven Lions
d0a928753fd66da15093133421f3f3ac,Excision
c7be8179cb1acf1d918de9cbdacc57a1,Wooli
b71c268abc5c9d9ee7f0f8af31c9fa46,Dylan Matthew
10f70b2c263d080b4386e9d9d8cd85e8,매니악 & 블랙나인 (BLACK NINE) & 에이솔 & 우원재
a48ca8bf72fb0456826cd73ac66eb26b,Whethan
a3744bc8480b5869b91b1301b75c3e0b,Yeat
7e8b94b2ef54ac0665c9a23074e799c7,midwxst
88fb885dd8d901600490e27c8c0d277d,Matt OX
1d19f88a0aa69bb9b0c395b2dc1d6f9c,Kim Seungmin
de59f89341e3af296cadfd619358f1f4,Demi Lovato
6a5d3def0b9a1a494f72eb82f643df63,YUNGBLUD
a554a1962b7bb4243d018a5edb9386a5,Joshua Henry
ed097a3cafce6cff7398888272571207,Vanessa Hudgens
918703806e68331de3c2c1cf988234e5,Alexandra Shipp
7f2465312667f147166ac8d7cda5d4a7,MJ Rodriguez
9ed941424de6039769a870266f81ea59,藤井 風
8167290bd740f3e581d8e0247c8efdbe,Def.
38c50b731f70abc42c8baa3e7399b413,Since
f66a86c3deae0412f75dc771a42ccde5,OH MY GIRL
875dd3c7b4d87d24d4d91270048da901,Post Malone
902b77e324ab047f9812a9d54d66b38b,Ty Dolla $ign
8df54263cd6e83459c2b82a584b734d5,Youra
92333ef94ca48df42ba9e244c1964327,Gaho
62a259c52a81019bc1291d6c2f072797,Joji
dac335c2011ed8480d2f08a61bad2f8c,Stephanie Poetri
1d003c29c0b69d5f05fdc269eb29c73f,SINCE
00c5514c7f4c728d033923f021b12818,CODE KUNST
9cf7587b1fc32d3d06e522587adad4e7,Mirani
9a202a89e6a885fcf3940e6bc0e1a276,Geegooin
f1d9287a072cc627e83d9cddac6a3cb5,unofficialboyy
8758e45b0932a729257963a8dd6181a6,Mudd the student
86971700ecfb0f0f30e0b204b4383105,Anandelight
8c506cfce5b5ec487c6663bcfce0745a,BE′O
ce77f52287a7639fb4f61afccb7d93c2,Mino
994ae1d9731cebe455aff211bcb25b93,Gray
b2b3e85ff204867bba3791d776bcda0d,BENEE
183ec43aaedaaa88b899a1a2c3a7f0ea,Gus Dapperton
cd7a140027e0966586a3b9fa7d43f431,Shawn Wasabi
9a9fd8a5bbe80eebb70c8a615dbc40e3,Kennedi
e54ca469914bc262b958dc327fbe1253,Bibi
0aaa2aed20048107c52a3eff2c0c458f,Kyuhyun
d68b7186255569cd461f364324b17924,ISEGYE IDOL
d830942fec63cce7027f41a38370c90d,Gloria Gaynor
61c6135f04171369a91d9e492aa31b1d,Rex Orange County
bca4dccfe865dcb43d2fd5b02867fa63,TIKITIK
9018e230afdfbcfcb28205ab45149a49,Ailee
edb862513fd2cb9ecf77f75786879aad,Gaeko
f3274dcc115282d6810d58bf44337b4e,Hangzoo
531e10bd1d52c0272e7e0745ee159e44,oceanfromtheblue
fdac5aac40ec17f503edf9d300ea2581,kimmuseum
6c7db3804a02049e39950d2db61a287a,back number
d155bad13e5abeb7e0e0413c0819228b,slchld
1409fd0a4dadff8187055ed832523cd2,Fur
e3cbeeccaa40cb2dacb72257a295f4c1,Christian French
328dc387fb8328ea7983b2e45fef0fbe,Willis
4bc0a1d294ae76a4a7b343fdb835d857,Nic D
4e882795c54b033fa8eaa9b43b16ad13,Connor Price
5909241f525ec8eaab77303877d2c2ce,Charlie Puth
789604799590b02ba620810d53a53df2,Fitz and the Tantrums
6c92ef33cb2e34237d16fdf3d1a907ee,Valley
ec099555575baa009fcb4c8fd13a2cf5,pH-1
10f8c51f0f567c026c17eb45248dc682,J.Sheon
f6a5b19efcbdbe4a8aa6f9d19e7273bb,Piano Man
ebd6ae3f2a43deedc973283803a01c8b,Parc Jae Jung
0d8a598da954f82b8326dad596071023,Ovan
3ed3bfb2206688225d2c909c809f35c8,Vinxen
8da2bcd076803381478f2df2fbdc1c4f,Im Soo
e48ec407cf0631bd11f070b91a8b959d,Giriboy
86d94959ad70a97055ca754c98dbc5d7,Dean Lewis
1eba9614763773df08dd49049663c3e3,dhruv
ee54e90a33823e5f1b7847165b18fe57,Epik High
0584055986f0d3282f41abc3210fbe4d,Carter Ace
c6a857fa6747e6741ce8f486a8636ab8,Steve Lacy
87f89cb210f66f08be297827bb60e44b,TopHyun
c4cdc825178495d1f0c10f531cb55bc6,XXXTENTACION
c7532f22a052d716f7b2310fb52ad981,Woo
59cb4e80fb7bfb417c58bd39720a5dfb,박재범 Jay Park
897356954c2cd3d41b221e3f24f99bba,Key
11609788a791c5ea4929b323aa764a46,Snakehips
e041e36aa439f901d9b9485786732a36,Bryce Vine
ef485c0a145a2e5097e10dea55a49a35,Sam Fischer
fcb1b6101c828d0edd1bedb6a01a887e,Mac Miller
de1b65f6bb26bc73eb06674a2aab5161,Bilal
8146d3b7899a8246666526cdb0abc7c9,TAEMIN
a2164127dd98d1a91166d3ca2708bd50,Asmi
09f25aefdfaaf68840a58494737ec371,Cool Company
e410357735f0bc81244f2b353440c093,Conan Gray
64084c2482ecc747fd7831d9f45a07cc,Kane Brown
de476a46fecda8abd67f96bc62f198b9,CHANGMO
0a87947681db60d05eedb39d49481a6f,래원 (Layone)
4c88f12f068a55b82ef3618ec2254f66,Seori
fd350a32703704eb70999bd5760c4a61,TAEYEON
003b7834b373a4be97ec57306fc31cae,GEMINI
5c78ae5e2179ff105e0396a10ba72cc3,BIG Naughty
f553c71a5eba64a27c963183c2fc11fb,Way Ched
4be627711ee0e2a94ee665ba791db61f,Kendrick Lamar
aefc8366d4e7f8c267ed1daaa21528af,Blxst
1a9329e697c5de1dc00011ad3a53c2a4,Amanda Reifer
6aa451b53d492a8f5a2fa1fa2855be8b,EK
45bb439ffe1a54f6da822209861d65b0,Tavares
35ba1271dff4019593d3034c929e1bbc,Logic
c004aeaeb7f963e0bd6f4667dfa008db,DJ Premier
b902ee92d6a174b2fda6fc9b2173cad8,TWICE
dc195aaeaabc04938d8bb0ad1f419515,Estelle
729b332d2a1c3f90bc12659569401801,Kanye West
3ec566a7d21433b0f869d43c3bc0c198,Anees
8c359ca94573d25a14f54f198780f995,Stephen Sanchez
59eea0b39272a32dba4aa67225018165,Vaultboy
59c528815b3dfdb295ee07190a6ab875,Eric Nam
1df995d40262c973a10dbbbb9dc083ad,Sik-K
5dfa913935ce35587703ad2fb11bd58f,Ruel
45bdcc1468ef0cc28232c29b48211e37,OVAN
4efdad944e60bb73b3cdbcfd74fefee4,Penomeco
edc860e2d30b3a5c8823c026e7a79e03,CAR
5c394be443b07b79ca5e39e60a21c7a9,THE GARDEN
0de657b3a31b30062fbcc8495b843da3,Matt Maltese
d7e3dd80f6f0f13230cd1d13025196ea,OneRepublic
8b4b279e1904c54e5fa2a3f820a49c5e,Peder Elias
0e263ca84d2b21a75167b97589068a63,Hkeem
65e7ab04fcc156c5ac0413df832ec4d0,millennium parade
cd901e0f194d2905f9519c0146692add,Belle
fb121a7bc55d665ddb384908751d7581,ENHYPEN
36b2a1a6e590fdbb1442b1fc1118ae02,eaJ
e85a266b9c20c07c4c68a4add9196ad7,Del Water Gap
227dc251e1411f6b6fffcd1c30486f4d,NF
e382d5400d70b86b3b173588b81c954e,JUNNY
f55c81c84b5c8e50eea20e3e53f95e95,JAY B
1e2a0ede7b582f5ac268f2afd5b3f820,Bazzi
b5de00e478087bff0517d3c287980782,TAEYONG
f4203ccd1ab45a730274babedea8da74,Wonstein
24e236f19ff5eb4d28f02a128e0d1be2,Royal & the Serpent
628ad61f20b5b05d4e686ff6d3002bba,Friday Night Plans
f8fe538593781e212f1b3f646f62dc3c,落日飛車 Sunset rollercoaster
be05b49960df40ff2a1c9ceff6afe302,Billie Eilish
52816e112128a62dff04cdcfcc6098cc,Mike Posner
203e3cf77948dd567b8be52f875a8894,Big Sean
2c7d4e45931b3faf96a02ee4303985be,Far East Movement
d4151ccebfbae55e8f7c0f68f6d18e4d,IU
9cbb79e65868a240f3c751a3decdb2a9,Lim Jae Hyun
4402b3bae27683fee56b202bfd23bab3,Jamie
7ae068e144aab71b5c9f9b0a517ade9f,Taylor Swift
edbb84b454af1746f90dcf4ce67a8823,OSun
6cd5a04f8b4031c9aacdec37136d7885,Destiny's Child
21132f2c6e8fbc139ee6ca60aba5d2b8,SE SO NEON
647be0e1f877b120efa01b45ade8e372,Ha Dong Qn
07178614884bc31e67ba8c7788b307af,Frankie Valli
27669301810afcb1fd191c2205733144,Easy Life
4c201ebe3c998035f08e2cd3df254d37,Kevin Abstract
cf43f10b09902f2ebbda588a0165ef71,Role Model
7ca28c67b72617f0992a8be7eb6a489f,Nelly Furtado
baf997e0b3365e053f6c0ce6cf523860,APRO
4f970ec98d18d1b49d70e879f88ed76f,youra
6676e02a276e326b4a26603b12e4d069,SOYOU
addb70fbc6ee82e7ef3a75ce2d02ed79,Rae Sremmurd
db241f59be138f177e2b5762a2832358,Skinny Brown
bb2279259e6b1b5264e862e863804e03,King Gnu
d1b40656265ec8b4ce88f13ea959dd2e,Lim Young Woong
a122339662cddb9ca3c25ede0460f147,Arizona Zervas
24e38a493d840757e748c00ab95edffa,Rich The Kid
ad7d9a2a58dec50873bbe48b670e3784,Lee Soo
d2d950cea2da7feb22fc0aa71aef4b43,blackbear
5887a2fe9a3abaff6cabff86f25d5a5f,The Used
1ecd6f6082dd8281e9c50303310883fe,Macklemore
955134b2abfeeabbfd736f7800b81d59,Windser
6ed990a07d4ae2d4ea3e5376ca7455a2,Sabrina Carpenter
793a395ca9ab09ba5ac73008fa94b15a,Sleeping With Sirens
e8e56eac3f5e48d4f6c5daa4ddea193f,Charlotte Sands
b75e6a3a46a853458f1c6f578539aeb0,Megan Thee Stallion
f172f872825e23016d2c877586aa597d,Jhené Aiko
6bf0946dd33febfd90735fcc14af3a41,Panic! at the Disco
8ba2743336526156e2f0f6e0c7c4d7bb,Maggie Rogers
38561bf2d959bcbde7817ab7b7b47c2c,Tink
16e3d6059dd628194e23fe6bc2d50e28,Anitta
b9ed85d757e9fa640adad427f030168b,Missy Elliott
9ff6e6862d136c5925ab370d696dbe9f,Hot Chip
9498cfff62ca3992ca606d9f3744891a,Willow
6a689ff9fad460d6a88f41ad18a458d8,Maggie Lindemann
1e575ac239b3c58c2a1d831b0ea19808,Guitarrista de Atena
a52a76647d465c0dc9f003fa478cec8e,Fivio Foreign
1db2b95cc9fe722b40ef4155badaa664,The Kid LAROI.
aa7430a310666b3420a5a638d026caf8,PENOMECO
94103a7e806981d48381a9c7bc3d5109,Sorana
8928917cfb918fefa94d1094288baf77,Warren Hue
e4b63321cc72e3d123e5903536efe4f8,Jay B
f53fdbcf3dec0f72b6e7d992a99e7f83,Junny
b03cc90c455d92d8e9a0ce331e6de54d,J. Cole
d9bfe096094536cd53446e5398bdd412,Dreamville
27616d98bb050657ca794c94b92d347a,JID
afe59e831735dd23d3ef2f30aa20354f,Kenny Mason
9e5eb9f29346a14476b932833ec30e7c,Sheck Wes
5014d53af8fcf4d507fc5e7b5d3b911d,Woosung
4be5fe4e4ceea5c61e1db708a117b23a,LE SSERAFIM
e670e5cae4434f49011d171be8641f97,Tate McRae
d7afa983886989e03fd1cae4a3d5c856,Alexander 23
62a6f4b6bcaf5d9d5cca29140f2be4c8,SKINNY BROWN
247c9d7adcaf0ff61ca6cafcb928a837,Roddy Ricch
2ab7b9855f57a2fae007269a00e119e8,Dot Da Genius
d0ccd5e00169d0e07c1ba88de2f6dfc1,Denzel Curry
9e93dd0e27b5594a0af9deddc83e1927,Jid
2b8ccb2f6ffbe20ccc1db08080c30343,Kid Cudi
bd4c0e67bdfd260055375ccb62702168,TOMORROW X TOGETHER
eef0d2a6a4a12b76210e88eed688f31a,iann dior
b2efd512c85a4ef8dc655794f1cad4ba,Cuco
f7308d782158c820b4fac6b6bf14e27e,dvsn
dec511ba67e5941dcd9c179fc92d5921,Bino Rideaux
e92c45d0ed5c3da366c5b45ae81bb2c8,Bas
05c60711bdfaaf8c63f98fdaedd8bfc9,Gunna
ce867330298568a95ab93ef966158cc4,Jack Johnson
da15ac213d8d8f4141cbf1fdc02507e4,Vaundy
e2db598f4fa9f7fa459fb30a0c145ce8,Juice WRLD
1a3846528cb88b5a197dc44282cd98d8,Kenshi Yonezu
82a16a13eda5cd07ee08c012d9f68b50,Kx5
d27105e8e5870d76b0e38199aec1ba81,deadmau5
f58eaf0d6d1559ced99e3073c20c9683,Kaskade
be8b2eb3198e8f15a85c7a08a4188a0a,Hayla
683966d9a83b629775975f80a0430d9b,Hailee Steinfeld
88b848631ee07769d870184080a4cb55,Anderson .Paak
5bcae65662898e6d39580641b9f6b226,Mark Ambor
34992d47e90e1f0a422f8cf8c9bd8793,STAYC
0f16978bdde2c342d394e31abc7ad7fb,JANNABI
f893be0b4321ceda8e91f85c222da1c3,Snoop Dogg & Wiz Khalifa
8f28cb6e203be3034c0aa94eadce17a5,Jay Bezzy
5c7175a65c0399bc09ab65bb324ad4f1,Sheff G
895205b7deac0ca346b776d7c25712b5,Sleepy Hallow
0af07caf0ce81bce6a26a5084f4b24f0,MARC WAVY
648c015888ae4a6815148b53a505dd56,pmbata
f232637e9ccf731c66c85a9c19803808,Françoise Hardy
84bb4ff9bfc07c6611685fcc513eb6b4,Imagine Dragons
e218f02e83162db2b0720303383eeb97,MSG WANNABE
033fe84c53c535861b0130019372418a,homies
7d6db6c62ae9be210f9c21697dd71335,Damini
ff45bd9a024c61169a542316bd7b3b1a,Coin
2b03c7fddf23cada31fa3b0de238c708,347aidan
c57aff5f67d1144aab8b32833a9989ec,Heize
23a2193a36b72b1eba98b0bee269edde,Pharrell Williams
24dbc2b917472b089a5052b23f11f30f,Tyler
2300388dac146a64792bd677badf8685,The Creator
dd928ff63887886ba74de4b3e093ce0a,21 Savage
ecae9d40d21000267a67460b27976891,CHEEZE
a4e9366d9e795e16745575814cfb4154,Car The Garden
947b52825097de36565420c57d42ca0f,DPR LIVE
b34de41c8e40aca6c4671b32466b77e5,BAEKHYUN
d81e08884772dc46197a177d115bed12,BOL4
9d884c58ca2d78fe5f32fefa1e1cc093,Baby Keem
60cb278a24883956c8c23161b37608f4,Johnny Orlando
08978505ff171fa94ffd343a55f3169c,Latto
cffd871aac30737a97a534f54e308fde,Mariah Carey
22a577559473603593fb157ad4dad900,DJ Khaled
c002f07169395a82025f8724fcd401ba,j-hope
eae89ce52de2966a965dddf30654fd78,Kali Uchis
327bf29220b94e30a750d0d04d9633ee,Cub Sport
d78432a2c47ee388e05c16c0ec770739,Lee Seung Chul
9ddb66699d7ef7cf5111299dde14d51a,Orchestre symphonique de Montréal
78a9d1df18f63317c417ce0f203c3a93,Charles Dutoit
c6f07b1ce8e741710e35a631811764cb,OSTON
64cb72e956197a026f545fbe05536551,Gist
659c92dfad782db513c926734ca18e0c,JAEHA
0bba6cb2e5351389059cae65d1b21b6a,Isabelle Adjani
aa968850a9d255494612acd0552f8fcd,Coldplay
0748d939ab650fce98a15852d6fb38a4,Alec Benjamin
acc9e045e4b8f5172d0ac72a8ef49476,Crush
8f44ae2c0984f874720b023565455f08,Blevins
33530ac32ac0ec165c1a131d7864a6fb,Busker Busker
95f3c67d87a98b3c68a1c51877d3b25b,멜로망스 (MeloMance)
b61889255a7f7ad9dade96b95e39dd81,Rick Bridges
471a6131d652142161be0606a09f685a,The Bees
4ce686fe29a67c6c95cd092bf68a457e,Peach Tree Rascals
effbbbdf75ed154b53443babbbe6c4c3,Eminem
d50df3d5462199c546dbc106fece8559,Park Hyo Shin
db0e6c3944117b74d7df3a98aca46c6d,Lunar Vacation
f61306414286dd0832bec1e70d393546,Zion.T
f8dd510f26176f36458b8498dcc596c0,Nico Yaryan
ff46b252cce94164f164ecbb0e6a921d,GSoul
abde83fd50443445a429637c269ca0a5,Matty Wood$
cd0c9de597d31660dbe49c68af1e4ef8,HA:TFELT
ab65a9bd243ddba97fef5ffe5d526730,Toosii
1deb3348c654b874cfdb0177564ba9e9,E L E Y
12f90ed2afdd46edeecb6cead7981056,Still Woozy
af96e1b42a20c4030414f72ef35682d7,Remi Wolf
cddaf976fac4ab2e8b5df93f6afd1a9f,SC4F
2fb0f6ff2fb87e2eeece930c7171d66f,Madii
41084537afc680ed7670aa590ffaad85,Madison Beer
f9581492c91ac0a729b7be31136b685d,Taeko Onuki
e8bcd2a75837cde1b7aee94ffdccccdb,KyoungSeo
751306dd4711e1fc8c683d7927bb9e9f,Becky G
01680d503975b0fc59af4cc51c460e0b,88rising
cc19432da10e90b98fe84c8dc1bcad9d,BIBI
12a9ef37a961dca1bdda0e499ac51d8d,Ms.OOJA
da61ed7ab765111a42fed325bd3f102e,Doja Cat
a3e1bd3f3c68628444c4d9a180d012e7,WOOSUNG
94f6873e7708d0b12a5f8b045b2b4433,SATICA
962b4e87447e49f1c109aeaed03b038e,Miso
bde19ef9f47bbf788d335c330386a1e0,The Moondance Diner Ensemble
6b945725f10adfe8d09abbb5a5d149e4,San E
ca18f3cf2fd9adb391d4770c33286f0c,Raina
002e414434f596778a5fcf185c68a7d8,Ali Gatie
1c9ca786394223c382bd2cf567287f6d,punchnello
e5218fff0cfd410419c6c900b82b579e,Sung Si Kyung
38f909a1beaee850ffea37bbb8848119,Mimi Webb
ebb48c69979c38786459f1ea64a2d5b9,Johnny Stimson
e5772424dce93e5698ee576edcd219a8,Mia Rodriguez
a5b8d5e03ee70036b96e11be73c07234,SAN E
8efe7515e2fd1b71bfcc0aae9cb7d12f,헤이즈 (Heize)
c5efcdbd24798f81916b2df215df45dc,Herrick & Hooley
4206972e46f63243c736cd9223aa9eac,So!YoON!
2a2ac41d6669e4b6430ca3d9858b338d,Ourealgoat
652f13ce35cceddeef38dbff29d3f856,Ahn byeong woong
0e911de215bc1ca867c006f543e1946d,TABBER
caebfa2ebb297e67bae0b9b425eceb3d,Dreamgirl
4172989e6bf5b674bd2a7a6dc770790b,DAX
66d98cd25c3df4da90f7b31bb15ee056,DEEN
fdd6ae70af7bd2a46ea68d3d123a2e3e,Bambi
a7e2d4d3b1180519de3ca40ba8081c18,BRS Kash
9eb44e32b4103c1c924b330c54873373,The Isley Brothers
3f2447c6d1fd02f8ca4a6073113d6d72,FelixThe1st
d15f4b5e8096652921d5d6b045a0cce2,Kalan.FrFr
f041711252bdcffd6812f0379fccfd37,Luke Chiang
576f50209c59e2cc81a309480f4ee1ab,Mabel
7474728530c7fc6e91239d6711dfe409,24kGoldn
0f5e4259a8525db8527a48f15da119d1,Bill Evans
8ffde32b581f80dcbd51ed9342a19e6a,Jim Hall
4797af22d52cc8c69aa6ba784aed4611,KOTA The Friend
17949f09017692477417da562e7f8c32,Abhi The Nomad
abf88de1dfff0675acb03fd1b03a3015,fcj
46b874da6fd6f0e87ee5cd1c8fa4d335,Chance the Rapper
8be7dda8272870e91b341abc86b9c415,Ella Jane
fa04b3b8b8b9471ca403f1c3436ddd88,sokodomo
3f6bad87e0b21b913cdb575f5b40c736,Mark Ronson
4f74e1399838598ab4db1f1adb10efda,Lucky Daye
62ecce73e8f5b427fd4516b20f18da6e,Lil Wayne
3fcede0b05060d496a3ab1d0f80a8dd0,Wiz Khalifa
bfc1809fb9c079b32ce3a4a3f51e3fbd,ZICO
2beef4603f9dbe7eff09357cc882c794,Nujabes
f2bfbb7417310b3f6f6cfac2c894e8b2,Zior Park
24a538e6adfb5be6e3432d6270d63c76,Em Beihold
e66b8a0acab164bdbf805b19348be653,BTS
466ba4c9b8cbe6450e4bcf43476730d2,Steve Aoki
814fa39d5eca91d164e8e054a24b634a,Alexander Jean
75749ab362209f57e7ef09fbee06fb56,Grandmaster Vic
321366567473bc67ecc7b933380f17e4,Quinn XCII
492561cf76939197932bb7bc15df18bf,Arctic Monkeys
