artist_group_key,artist_group_name
2bfa81c65c7aa7ff33a6f6e4ca2ae4eb,Laufey
2bbbfc164420bd2643f092158899ddef,JVKE
e07c5d50a780b73be97abfc044623912,"Andrew Garfield, Robin de Jesús"
7c5ade542574ac355b1779c5ea918e64,"Andy Grammer, Fitz And The Tantrums"
af4350be32150434e0aace5c3620def4,"Sad Alex, Caleb Hearn"
5aa19af88cffcb1c5b65f3c542f68ed9,G.Soul
8169ad5419df96ed7c523e459a9e54f1,fromis_9
aab2f6c6c2ef4679444dcbf14dd28742,MANWOLVES
2d102562b6be0d5e31696a4754155a71,Lauren Spencer Smith
2ccfe252b25ba508eec7ffb7a3617fcb,Gareth.T
18bc963752cd1de09a71348766ffed12,5 Seconds of Summer
1253ee69fccc013b8ba8204ee8cf457f,Fujii Kaze
a0c6a105445ab41fc8117703ded1113c,Ava Maybee
150261d5e8bef1c0d1258bfc698ee4fa,"Zico, Homies"
40e3a9ce634334d988f91e601fc0e6ad,Nana Ou-yang
0090d3889ec127ab0bab0c815d24a5ea,BLUE ENCOUNT
bcf96a80956ee901a787d7c10c8380a1,NO:EL
37c2fcb0b2e2389cd056c2e7f92ca1fc,M.C The Max
16fbae61ac4d7d48e64af8c6578293bc,Hybs
f3626d4d9a2aa9d1d19786666943aa6a,Gwangil Jo
ddbe13854f4de7daac81be3cd9776ade,Monday Kiz
f3d49c662b77a09c6ec54c0192be5612,Night Off
c6646fe8375e1902325d0b1c9b2f099d,Armani White
2cf42bf56096bc9b69700ff8c8673108,Lilacs. & Lizzy McAlpine
b05c91730fbba5650d41d2f18f357f31,Why Don't We
5d37177f3fc58ad4cdaea3dbd249cdb0,Lauv
bf6e82d81678cf6e86fd02f760615856,"Seven Lions, Excision, Wooli, Dylan Matthew"
10f70b2c263d080b4386e9d9d8cd85e8,매니악 & 블랙나인 (BLACK NINE) & 에이솔 & 우원재
673dc41553f303219cb70356e3371ed3,"Whethan, Yeat, midwxst, Matt OX"
1d19f88a0aa69bb9b0c395b2dc1d6f9c,Kim Seungmin
a5802ced956204f461367c94fa38c1ec,"Demi Lovato, YUNGBLUD"
9b38c8dbdc7b01384a39b9720ce5c076,"Andrew Garfield, Joshua Henry, Vanessa Hudgens, Robin de Jesús, Alexandra Shipp, MJ Rodriguez"
9ed941424de6039769a870266f81ea59,藤井 風
8167290bd740f3e581d8e0247c8efdbe,Def.
38c50b731f70abc42c8baa3e7399b413,Since
f66a86c3deae0412f75dc771a42ccde5,OH MY GIRL
8ababca1bd23fcc92ad6617a096ad4a0,"Post Malone, Ty Dolla $ign"
8df54263cd6e83459c2b82a584b734d5,Youra
92333ef94ca48df42ba9e244c1964327,Gaho
62a259c52a81019bc1291d6c2f072797,Joji
dac335c2011ed8480d2f08a61bad2f8c,Stephanie Poetri
9aa740c48f4ad6f871dfd4a5677b4105,"SINCE, CODE KUNST, Mirani"
37196f8afe61d6f42308350418bc6623,"Geegooin, unofficialboyy, Mudd the student, Anandelight, BE′O, Mino, Gray"
d4e4283ed05542e96a921b1b11053af2,"BENEE, Gus Dapperton"
e26d6fa99740a8ea5808caa1f7adae99,"Shawn Wasabi, Kennedi"
e54ca469914bc262b958dc327fbe1253,Bibi
0aaa2aed20048107c52a3eff2c0c458f,Kyuhyun
d68b7186255569cd461f364324b17924,ISEGYE IDOL
d830942fec63cce7027f41a38370c90d,Gloria Gaynor
61c6135f04171369a91d9e492aa31b1d,Rex Orange County
bca4dccfe865dcb43d2fd5b02867fa63,TIKITIK
d6c4fedfa07c9bf23868a3ec313efb51,"Gwangil Jo, Ailee, Gaeko, Hangzoo, CODE KUNST"
531e10bd1d52c0272e7e0745ee159e44,oceanfromtheblue
fdac5aac40ec17f503edf9d300ea2581,kimmuseum
6c7db3804a02049e39950d2db61a287a,back number
d155bad13e5abeb7e0e0413c0819228b,slchld
1409fd0a4dadff8187055ed832523cd2,Fur
e3cbeeccaa40cb2dacb72257a295f4c1,Christian French
328dc387fb8328ea7983b2e45fef0fbe,Willis
da63b38915d622af9f56509c7cdbc861,"Nic D, Connor Price"
5909241f525ec8eaab77303877d2c2ce,Charlie Puth
789604799590b02ba620810d53a53df2,Fitz and the Tantrums
6c92ef33cb2e34237d16fdf3d1a907ee,Valley
ec099555575baa009fcb4c8fd13a2cf5,pH-1
10f8c51f0f567c026c17eb45248dc682,J.Sheon
3f5debc639853e8bcf4f665a430b3a86,"Piano Man, Parc Jae Jung, Ovan, Vinxen, Im Soo"
d63c51efb34a513a5cb6e645dee37e22,"SINCE, Gaeko, Giriboy, pH-1, CODE KUNST"
86d94959ad70a97055ca754c98dbc5d7,Dean Lewis
1eba9614763773df08dd49049663c3e3,dhruv
ee54e90a33823e5f1b7847165b18fe57,Epik High
0584055986f0d3282f41abc3210fbe4d,Carter Ace
c6a857fa6747e6741ce8f486a8636ab8,Steve Lacy
87f89cb210f66f08be297827bb60e44b,TopHyun
c4cdc825178495d1f0c10f531cb55bc6,XXXTENTACION
9928904ad08cd9c0c0c62980c6d3f1cc,"SINCE, Woo, CODE KUNST, 박재범 Jay Park"
e1a17989f6746724cc1574a71d31b697,"BE′O, Mino, Gray"
897356954c2cd3d41b221e3f24f99bba,Key
d3d150bc7736ab1c67b9c44e0ff8e21d,"Snakehips, Bryce Vine"
ef485c0a145a2e5097e10dea55a49a35,Sam Fischer
4c9114e117b71fa01b165965fe859143,"Mac Miller, Bilal"
8146d3b7899a8246666526cdb0abc7c9,TAEMIN
a2164127dd98d1a91166d3ca2708bd50,Asmi
09f25aefdfaaf68840a58494737ec371,Cool Company
e410357735f0bc81244f2b353440c093,Conan Gray
64084c2482ecc747fd7831d9f45a07cc,Kane Brown
de476a46fecda8abd67f96bc62f198b9,CHANGMO
0a87947681db60d05eedb39d49481a6f,래원 (Layone)
d98b9d9514e4018cc64d27b2c2fe1db3,"Seori, Giriboy"
fd350a32703704eb70999bd5760c4a61,TAEYEON
1eec2c67cf1b799482a5e9800a96836b,"GEMINI, BIG Naughty"
9832fe5323d86e0825ed9fc0c390c4e7,Andrew Garfield
8d1cbb9f83b37db303185e4b8a892095,"Whethan, Matt OX, Yeat, midwxst"
f553c71a5eba64a27c963183c2fc11fb,Way Ched
e204a738c0bed0fca7449271383bdf05,"Kendrick Lamar, Blxst, Amanda Reifer"
6aa451b53d492a8f5a2fa1fa2855be8b,EK
45bb439ffe1a54f6da822209861d65b0,Tavares
b5bada743b9b391adc52591989a0cc8f,"Logic, DJ Premier"
b902ee92d6a174b2fda6fc9b2173cad8,TWICE
5367af3de0ff36f70914a707b8aa0a06,"Estelle, Kanye West"
3ec566a7d21433b0f869d43c3bc0c198,Anees
8c359ca94573d25a14f54f198780f995,Stephen Sanchez
de59f89341e3af296cadfd619358f1f4,Demi Lovato
df4221ef9fbaf674db2012f124f820ca,"Vaultboy, Eric Nam"
1df995d40262c973a10dbbbb9dc083ad,Sik-K
fd90da7832a81ed1bfb37088c966d8f7,"Eric Nam, Vaultboy"
5dfa913935ce35587703ad2fb11bd58f,Ruel
45bdcc1468ef0cc28232c29b48211e37,OVAN
98848d66186c10a7dd95dff17f4acdf6,"Penomeco, CAR, THE GARDEN"
0de657b3a31b30062fbcc8495b843da3,Matt Maltese
d7e3dd80f6f0f13230cd1d13025196ea,OneRepublic
bedb7e500091ef402f0288a57e4d9f8f,"Vanessa Hudgens, Alexandra Shipp"
7559a1d9a98449c4cfcc5f46481b66c7,"Peder Elias, Hkeem"
7113eb77228f85a2750a644769fbae55,"Alexandra Shipp, Vanessa Hudgens"
65e7ab04fcc156c5ac0413df832ec4d0,millennium parade
afc79829a0020dc5100e3ed6853848ec,"millennium parade, Belle"
87ed85c4dbe2610ee62774dbaf748a46,"Andrew Garfield, Vanessa Hudgens"
fb121a7bc55d665ddb384908751d7581,ENHYPEN
4525d4dfcb8bfe71fa1ae4062784ee07,"Seori, eaJ"
47ae60c1d9ef030e31f4a1d2d9beda02,"Andrew Garfield, Vanessa Hudgens, Joshua Henry"
e85a266b9c20c07c4c68a4add9196ad7,Del Water Gap
ff4f95570867c76b2b0df2b272c903d9,"Vanessa Hudgens, Andrew Garfield"
227dc251e1411f6b6fffcd1c30486f4d,NF
6409ea036dfce6940c5e2d5a16cd5bdc,"Vanessa Hudgens, Andrew Garfield, Joshua Henry"
3ae597b8abd36902d42ba3c6e81ba856,"JUNNY, JAY B"
1e2a0ede7b582f5ac268f2afd5b3f820,Bazzi
c17453e7b42e882fe25f80899edbcc00,"TAEYONG, Wonstein"
a8f0db59a9b370c0e6b237c3908e6375,"Demi Lovato, Royal & the Serpent"
81fb1057a606f23e8b80beeb2ba9ca81,"millennium parade, Friday Night Plans"
f8fe538593781e212f1b3f646f62dc3c,落日飛車 Sunset rollercoaster
be05b49960df40ff2a1c9ceff6afe302,Billie Eilish
5135062d57657bab4b3d637519c213f9,"Mike Posner, Big Sean"
2c7d4e45931b3faf96a02ee4303985be,Far East Movement
d4151ccebfbae55e8f7c0f68f6d18e4d,IU
9cbb79e65868a240f3c751a3decdb2a9,Lim Jae Hyun
0c87191cd623f685c1ca6f0805ee2997,"Way Ched, Jamie"
7ae068e144aab71b5c9f9b0a517ade9f,Taylor Swift
b008dae75f900f1ae77c393ce09443d6,"Way Ched, OSun"
6cd5a04f8b4031c9aacdec37136d7885,Destiny's Child
21132f2c6e8fbc139ee6ca60aba5d2b8,SE SO NEON
647be0e1f877b120efa01b45ade8e372,Ha Dong Qn
07178614884bc31e67ba8c7788b307af,Frankie Valli
00e161356dd6e9c27f9fd23367f121a0,"Easy Life, Kevin Abstract"
cf43f10b09902f2ebbda588a0165ef71,Role Model
7ca28c67b72617f0992a8be7eb6a489f,Nelly Furtado
51898a7c9ebaa7a323f0e65ba0cd4e2d,"APRO, pH-1, youra"
6676e02a276e326b4a26603b12e4d069,SOYOU
addb70fbc6ee82e7ef3a75ce2d02ed79,Rae Sremmurd
db241f59be138f177e2b5762a2832358,Skinny Brown
bb2279259e6b1b5264e862e863804e03,King Gnu
d1b40656265ec8b4ce88f13ea959dd2e,Lim Young Woong
56a7b9bc0674bf23e33be87a82113006,"Arizona Zervas, Rich The Kid"
ad7d9a2a58dec50873bbe48b670e3784,Lee Soo
a8332e19b58439b116bf82c593890e9f,"blackbear, The Used"
18dabf596a0369f7b8dfa12681c280d5,"Macklemore, Windser"
6ed990a07d4ae2d4ea3e5376ca7455a2,Sabrina Carpenter
4ea31066810ef3f691bfb50d4c29bac3,"Sleeping With Sirens, Charlotte Sands"
77eec18786434138304d263d59b9b97b,"Megan Thee Stallion, Jhené Aiko"
6bf0946dd33febfd90735fcc14af3a41,Panic! at the Disco
8ba2743336526156e2f0f6e0c7c4d7bb,Maggie Rogers
38561bf2d959bcbde7817ab7b7b47c2c,Tink
09f68a1bef020195ae52293543f1cf56,"Anitta, Missy Elliott"
9ff6e6862d136c5925ab370d696dbe9f,Hot Chip
9498cfff62ca3992ca606d9f3744891a,Willow
6a689ff9fad460d6a88f41ad18a458d8,Maggie Lindemann
1e575ac239b3c58c2a1d831b0ea19808,Guitarrista de Atena
0d31ead6e049c678f03bedb16b8cb9a6,"Fivio Foreign, The Kid LAROI."
aa7430a310666b3420a5a638d026caf8,PENOMECO
94103a7e806981d48381a9c7bc3d5109,Sorana
8928917cfb918fefa94d1094288baf77,Warren Hue
f6af7fe1db7194fc88168da1b14cae1c,"Jay B, Junny"
8ba4525b4120c9c7adc5098643ed22f7,"J. Cole, Dreamville, JID, Dreamville, Kenny Mason, Sheck Wes"
5014d53af8fcf4d507fc5e7b5d3b911d,Woosung
f53fdbcf3dec0f72b6e7d992a99e7f83,Junny
27616d98bb050657ca794c94b92d347a,JID
4be5fe4e4ceea5c61e1db708a117b23a,LE SSERAFIM
e670e5cae4434f49011d171be8641f97,Tate McRae
5c4320032b6f22094d4d3d4ad6991b92,"Dreamville, JID, J. Cole, Kenny Mason, Sheck Wes"
d7afa983886989e03fd1cae4a3d5c856,Alexander 23
5d33c1c8bd04f66b1263f0757ea5c47c,"Way Ched, SKINNY BROWN"
9b60922cc52e88e552db4e6721529861,"Post Malone, Roddy Ricch"
9e813f3bbed9c83f5cd5aa09e59d5bd8,"Dot Da Genius, Denzel Curry, Jid, Kid Cudi"
a5d7a76ed317dcb0be7e81e6c3067636,"TOMORROW X TOGETHER, iann dior"
b2efd512c85a4ef8dc655794f1cad4ba,Cuco
f7308d782158c820b4fac6b6bf14e27e,dvsn
24dcea4e5ac9da675821cdbc7fc19236,"Bino Rideaux, Ty Dolla $ign"
8ee4a6da85f940aee5cab5eea912a929,"Bas, Gunna"
ce867330298568a95ab93ef966158cc4,Jack Johnson
da15ac213d8d8f4141cbf1fdc02507e4,Vaundy
fbcdece236f0d2b34cd7fb90a7589aa9,"Juice WRLD, The Kid LAROI."
1a3846528cb88b5a197dc44282cd98d8,Kenshi Yonezu
ff0d02c46db8947f276475d3ad401a56,"Kx5, deadmau5, Kaskade, Hayla"
b839adf76705504d08d1f3f822e4ce72,"Hailee Steinfeld, Anderson .Paak"
5bcae65662898e6d39580641b9f6b226,Mark Ambor
34992d47e90e1f0a422f8cf8c9bd8793,STAYC
0f16978bdde2c342d394e31abc7ad7fb,JANNABI
f893be0b4321ceda8e91f85c222da1c3,Snoop Dogg & Wiz Khalifa
35ba1271dff4019593d3034c929e1bbc,Logic
f67cefca63f497b8f3994216c14c91f2,"Jay Bezzy, Sheff G, Sleepy Hallow"
0af07caf0ce81bce6a26a5084f4b24f0,MARC WAVY
648c015888ae4a6815148b53a505dd56,pmbata
f232637e9ccf731c66c85a9c19803808,Françoise Hardy
3bfe3369a7fcb1a0b1c8cf4d86f56561,"Rich The Kid, Arizona Zervas"
84bb4ff9bfc07c6611685fcc513eb6b4,Imagine Dragons
e218f02e83162db2b0720303383eeb97,MSG WANNABE
033fe84c53c535861b0130019372418a,homies
c89b4d8fad586c57f9d2e1a282d01052,"Belle, millennium parade"
7d6db6c62ae9be210f9c21697dd71335,Damini
ff45bd9a024c61169a542316bd7b3b1a,Coin
7c908e16c73a0f525ee3700aeb8ece73,"Sleepy Hallow, 347aidan"
c57aff5f67d1144aab8b32833a9989ec,Heize
4ccfa9795935dc56c35a84bebeee677c,"Pharrell Williams, Tyler, The Creator, 21 Savage"
ecae9d40d21000267a67460b27976891,CHEEZE
a4e9366d9e795e16745575814cfb4154,Car The Garden
947b52825097de36565420c57d42ca0f,DPR LIVE
b34de41c8e40aca6c4671b32466b77e5,BAEKHYUN
d81e08884772dc46197a177d115bed12,BOL4
9d884c58ca2d78fe5f32fefa1e1cc093,Baby Keem
60cb278a24883956c8c23161b37608f4,Johnny Orlando
bff2a9ce2a3f1454feda8f6621b7f18a,"Latto, Mariah Carey, DJ Khaled"
c002f07169395a82025f8724fcd401ba,j-hope
eae89ce52de2966a965dddf30654fd78,Kali Uchis
327bf29220b94e30a750d0d04d9633ee,Cub Sport
d78432a2c47ee388e05c16c0ec770739,Lee Seung Chul
8a6a0ff9b05a8b22e88e5c4986350ba1,"The Kid LAROI., Fivio Foreign"
263ba9b3644b3b63369d2664e1876c93,Robin de Jesús
676648d942140f04632ceef287e58fd7,"Orchestre symphonique de Montréal, Charles Dutoit"
c6f07b1ce8e741710e35a631811764cb,OSTON
3d2f2c75aedce86583df412215996b36,"Pharrell Williams, 21 Savage, Tyler, The Creator"
55c8c82afe4f4769e5821c0c57d19400,"Gist, JAEHA"
0bba6cb2e5351389059cae65d1b21b6a,Isabelle Adjani
aefc8366d4e7f8c267ed1daaa21528af,Blxst
aa968850a9d255494612acd0552f8fcd,Coldplay
0748d939ab650fce98a15852d6fb38a4,Alec Benjamin
965894fdf809f1d261b4f4840eb576c9,"PENOMECO, Crush"
8f44ae2c0984f874720b023565455f08,Blevins
33530ac32ac0ec165c1a131d7864a6fb,Busker Busker
95f3c67d87a98b3c68a1c51877d3b25b,멜로망스 (MeloMance)
b61889255a7f7ad9dade96b95e39dd81,Rick Bridges
471a6131d652142161be0606a09f685a,The Bees
4ce686fe29a67c6c95cd092bf68a457e,Peach Tree Rascals
c94b77c5fdc3a79901bcce1f421a8403,"Eminem, Juice WRLD"
d50df3d5462199c546dbc106fece8559,Park Hyo Shin
db0e6c3944117b74d7df3a98aca46c6d,Lunar Vacation
f61306414286dd0832bec1e70d393546,Zion.T
f8dd510f26176f36458b8498dcc596c0,Nico Yaryan
f6b7f8c2179d8f6f0c21d91fb0b101f7,"Epik High, GSoul"
abde83fd50443445a429637c269ca0a5,Matty Wood$
cd0c9de597d31660dbe49c68af1e4ef8,HA:TFELT
ab65a9bd243ddba97fef5ffe5d526730,Toosii
d1a4b908bf1e234cf5ee148bcb4c16f9,"Vanessa Hudgens, Andrew Garfield, Joshua Henry, Robin de Jesús, MJ Rodriguez, Alexandra Shipp"
1deb3348c654b874cfdb0177564ba9e9,E L E Y
c74c767c8d260820939379aea424c151,"Still Woozy, Remi Wolf"
abdf292ab5a9cc7824a69c769ef29418,"Way Ched, SC4F, Madii"
41084537afc680ed7670aa590ffaad85,Madison Beer
f9581492c91ac0a729b7be31136b685d,Taeko Onuki
e8bcd2a75837cde1b7aee94ffdccccdb,KyoungSeo
751306dd4711e1fc8c683d7927bb9e9f,Becky G
cbce29fce0faf79dbdc441b5bebea96b,"88rising, BIBI"
12a9ef37a961dca1bdda0e499ac51d8d,Ms.OOJA
083ae8f8e6096c0082aecc0cd9db8de0,"Post Malone, Doja Cat"
b50c542f61558d27c01e8015a3c0e962,"WOOSUNG, SATICA"
962b4e87447e49f1c109aeaed03b038e,Miso
afbf050b8ef0f848b02f889cd40e228a,"Andrew Garfield, The Moondance Diner Ensemble"
1f4c082a9b37f5b540a9eeaf4318f092,"San E, Raina"
002e414434f596778a5fcf185c68a7d8,Ali Gatie
1c9ca786394223c382bd2cf567287f6d,punchnello
3f7ae8a5c4bf8f2acbcaeb510a7a3fdd,"Sung Si Kyung, IU"
38f909a1beaee850ffea37bbb8848119,Mimi Webb
ebb48c69979c38786459f1ea64a2d5b9,Johnny Stimson
e5772424dce93e5698ee576edcd219a8,Mia Rodriguez
4b31d7740ba68ddf474fb5c0c1d7cda4,"Raina, SAN E"
115b44dfb4b2839625c2d2be68261b5c,"Heize, 헤이즈 (Heize)"
c5efcdbd24798f81916b2df215df45dc,Herrick & Hooley
4206972e46f63243c736cd9223aa9eac,So!YoON!
1b7676b500a6ea30960e6c3c2c1a3a50,"Gaeko, Ourealgoat, SINCE, Ahn byeong woong, TABBER, Gwangil Jo, CODE KUNST"
caebfa2ebb297e67bae0b9b425eceb3d,Dreamgirl
4172989e6bf5b674bd2a7a6dc770790b,DAX
66d98cd25c3df4da90f7b31bb15ee056,DEEN
fdd6ae70af7bd2a46ea68d3d123a2e3e,Bambi
a7e2d4d3b1180519de3ca40ba8081c18,BRS Kash
9eb44e32b4103c1c924b330c54873373,The Isley Brothers
3f2447c6d1fd02f8ca4a6073113d6d72,FelixThe1st
d15f4b5e8096652921d5d6b045a0cce2,Kalan.FrFr
f041711252bdcffd6812f0379fccfd37,Luke Chiang
2297b5795f760d3c5aa6f2ec0c5b68f7,"Mabel, 24kGoldn"
c4188a29d9082633a468e5508481759a,"Bill Evans, Jim Hall"
4797af22d52cc8c69aa6ba784aed4611,KOTA The Friend
17949f09017692477417da562e7f8c32,Abhi The Nomad
abf88de1dfff0675acb03fd1b03a3015,fcj
46b874da6fd6f0e87ee5cd1c8fa4d335,Chance the Rapper
8be7dda8272870e91b341abc86b9c415,Ella Jane
b7f0fc0f0ecc36063b85b0c0ee89b122,"24kGoldn, sokodomo"
ae8510f346af1ffbf33801c677495f41,"Mark Ronson, Lucky Daye"
ce4878d7ae822b9669e81d12ba9142dc,"Lil Wayne, Wiz Khalifa, Imagine Dragons"
bfc1809fb9c079b32ce3a4a3f51e3fbd,ZICO
2beef4603f9dbe7eff09357cc882c794,Nujabes
f2bfbb7417310b3f6f6cfac2c894e8b2,Zior Park
36b2a1a6e590fdbb1442b1fc1118ae02,eaJ
24a538e6adfb5be6e3432d6270d63c76,Em Beihold
89224310136350a38ca6b4baa3908ff8,"BTS, Steve Aoki"
814fa39d5eca91d164e8e054a24b634a,Alexander Jean
3801aa8fc16b1d48d51b5b9f20dfcfb7,"Blxst, Grandmaster Vic"
321366567473bc67ecc7b933380f17e4,Quinn XCII
492561cf76939197932bb7bc15df18bf,Arctic Monkeys
