track_key,track_name,album_name
a4dd4f5296ae82d8a964086cae82c9a6,Valentine,Everything I Know About Love
e77d95dbf264a8c89476661a37aec24c,catch me,this is what ____ feels like (Vol. 1-4)
9f492a554bc93efde289652f73c86fe7,Falling Behind,Everything I Know About Love
9d6b951a2c1b59ea16771b479f344964,No More,"tick, tick... BOOM! (Soundtrack from the Netflix Film)"
0298d85c082925930dc5751112fafd46,This Is What Heartbreak Feels Like,this is what ____ feels like (Vol. 1-4)
ac7bfb81907c7eefd0401da5dec887ca,The Wrong Party,The Wrong Party
cdaddb0cdb569dc174c1e1e1304d1f70,room for you,room for you
6a7725ae9128c9e43d4980067a2d26dd,Fragile,Everything I Know About Love
e1ba56ac608098539dc19442f9991af0,Hate Everything,Hate Everything
abae6ca085d8d0c7e716eb8d86152d4e,moon and back,this is what ____ feels like (Vol. 1-4)
e9440251db81aa86f9c4dd983cb07128,WE GO,9 WAY TICKET
2e787b9032f2c33bce508e4af521a561,Weather Is Warm,A Safety Meeting
013d36be364a17745d594e35e2f75c9b,Flowers,Flowers
2796762b8d9a1147ad3f116ec3ef4904,boyfriend material,boyfriend material
9a3aee35568e2024232e6452aa451c63,golden hour,golden hour
bc23dcb45559a621c869d6eaf8248c4f,BlEnDeR,BLENDER
edd6f40c48ca4b238a29370eefa28c46,Shinunoga E-Wa,HELP EVER HURT NEVER
55ecd4f2ec2ebfe8d5b0163e4ac2a967,Colors,Colors
3f08be85830eb64ddd759fd7ec1383ab,New thing (Prod. by ZICO) (Feat. Homies),Street Man Fighter Original Vol.3 (Mission by Rank)
7d480bbbdc431e794d253d6aac5c2963,The Best For You,NANA I
d1e6e8db0e109c26e8f045313fe24a7a,Polaris,Polaris (Special Edition)
4b90247550d1f8353e276740fa6fc05f,Hedemo Ne-Yo - LASA edit,LOVE ALL SERVE ALL
7587b1569c53386700eb4b2a07bbed99,굽 (Feat. Loco),Elleonoel
ed3a21aabd0c141b393080983715f179,i'm not okay,this is what ____ feels like (Vol. 1-4)
1f6eb3c6c3ab6b6e56575bcafdb3d4a5,Because of You,Girl Who Sees Smell (Original Soundtrack) Part.5
8b280ed7f03de333e61cd1378b988dce,Matsuri,LOVE ALL SERVE ALL
8ce665f98eefd063f49fa6eb1f6b1f78,Dancing with my phone,Dancing with my phone
bd2d3adb97954a30ebf27483e32ab551,Ghost Buster,"Minamdang (Original Television Soundtrack, Pt. 1)"
4e860ab912cce9008197f7407d3ecf5c,wonder if she loves me,this is what ____ feels like (Vol. 1-4)
586c7b018da81374c71a4bcdd7e7bc6d,When Autumn Comes,When Autumn Comes
4092508606418ba34c73d8a30c677195,Nevertheless,"Nevertheless, (Original Television Sound Track, Pt. 2)"
99bb48284e439efb0e9a01afee1ac10e,BILLIE EILISH.,BILLIE EILISH.
9bd29580c4d3e721b81376b883e0446f,ghost town,this is what ____ feels like (Vol. 1-4)
e3c69334783d2774d90b2fde8bd291c6,7PM,7PM
763f961567ab4481851b0114b107d345,Just Friends,Just Friends
5fb05a5f3051d06cd7013333c82797c5,Kids Are Born Stars,Kids Are Born Stars
1245d811c9ee61443fde92301bd70086,Another Me (with Dylan Matthew),Another Me (with Dylan Matthew)
cbafd0708bc5727f718459bd60cc1889,Chopstick,Show Me the Money 6 Episode 1
020734a0698ebe1c239e402678b63b33,"LOCK IT UP (feat. Yeat, midwxst & Matt Ox)",MIDNIGHT
fcb67552070b82dcc6263d8479e08ed3,"Drivin’ (Feat. Layone, BIG Naughty)",Drivin'
aab47c2383951e462fc5d6b0c46c6da8,FREAK,HOLY FVCK
759eeb2ee744697f8c8073aace6b7fa6,30/90,"tick, tick... BOOM! (Soundtrack from the Netflix Film)"
1aa4559d3ff349612bec91bafe3345ec,まつり,LOVE ALL SERVE ALL
d476f02f0286dd4b98148ce17b1d9d77,SUNSET WITH YOU,LOVE.
d41b17a5e889e8b45552cb1ebee0db11,봄비 (Feat. Rakon),SINCE 16'
dfb2fef9c73ed66dc26817b8e62b73ae,Dun Dun Dance,Dear OHMYGIRL
47d25ccd1a35ea2724d74be8535cdf4d,Psycho,beerbongs & bentleys
d0799b89e2160512bcec1b118570b162,MIMI,GAUSSIAN
95fbbb044a1bbdbda0a8e3b82fc3eb10,Right Now,Fireworks
3d4ea64987f485a2edb5c5347c44b986,SLOW DANCING IN THE DARK,BALLADS 1
b28274b13c769ffbe372ae1710129890,I Love You 3000,I Love You 3000
f777b959b47423109f3d385abe772775,SIGN (Feat. Mirani) (Prod. CODE KUNST),Show Me The Money 10 Final
6c0e2e0d9dc5a0ffd06807d0eb3a951d,BREATHE (Feat. MINO) (Prod. GRAY),Show Me The Money 10 Episode 1
f3c0e7522eb323ca73ea24464e15c9d2,Supalonely,STELLA & STEVE
561a2a3acf466c70d730b3b86ba9a9ef,LEMONS (feat. kennedi),LEMONS (feat. kennedi)
5cfd7d09a990c2607a6eeb805d290a1a,Humming Bird,Q.E.D
393806186bf3d26b0d93619e082f85c8,Life is a Bi…,Life is a Bi…
370afc75e674f55217c3e87a36317b91,마지막 날에 Moving On,마지막 날에 Moving On
dd882ddb04249bf56d1aaac7d7f23a56,RE : WIND,RE : WIND
73b8b4ca6015f9ec38d5d74d167d1b6c,I Will Survive (1981 Re-recording),I Will Survive
43fa6025a001034ab2b5619a05bc6f5a,AMAZING,Amazing
21d7f5664201fb14bda6d8c210a2c770,청소,청소
84c7cf55b24fa3a3e5b1669ba4f2ebc9,"Journey (Feat. Ailee, Hangzoo, Gaeko) (Prod. CODE KUNST)",Show Me The Money 10 Final
9b640a0dd84eb0c1673dceca951b5a30,i am,i am
8f72f0285d910d730f68d9c8bfd22890,We're Already,"Nevertheless, (Original Drama Sound Track, Pt. 1)"
cfb33c4ce7b2cc7d9885291eb4fa5b3f,Phantom thief,Phantom thief
6bfd49603e59e4f7f6b19cb73b62de26,camellia,camellia
3decccd9ce7d1993ec04f36ccdb6bdaa,MY LIFE (Prod. Lean$moke),MY LIFE (Prod. Lean$moke)
0ee1e86629a92ecf22dd6d53331b0c80,mE mysElF & i,mE mysElF & i
9acfb01facc7ae7966c6dd6657589771,If You Know That I'm Lonely,If You Know That I'm Lonely
65663c823435fe13d0b1c260453acfdc,superstars,superstars
136f732f94d1b2fd5766afabb9ce05ab,I Think I Like When It Rains,Locals 2
f50828b07829629997e413e74dafc916,Gasoline,Gasoline
1df3be1cb7aa11bf3821a9905d0f7c5d,I Don’t Think That I Like Her,I Don’t Think That I Like Her
4a2e64b847237c93d88004fe85e62874,Sway,Sway
595dc14f64667152e080927bab555477,Like 1999,Like 1999
75e74168a49798ba58081c1153679837,Groupie,loves
d3bc4f382f5ababf5a9a1e6e92fa4f7a,NO!,NO!
84bbc908d2d6fb159224311294d34bea,Sweet Heart,Sweet Heart
f095da254dc85e9ff393b9c4c854061c,"FACE TIME (Feat. GIRIBOY, pH-1, Gaeko) (Prod. CODE KUNST)",Show Me The Money 10 Semi Final
6f3341c40a53a0c86ebb413c47e133b0,Half a Man,A Place We Knew
4c8b32762c5943e84a32a39100e59c0d,double take,double take
c3567934633d67690d0deb149508c15e,Champagne,Epik High Is Here 下 (Part 2)
fcb365a0fe57ed5251dc9abf008b1d03,Stay Here Instead,Stay Here Instead
87989bde9e33362f74d4985f37f93550,へでもねーよ - LASA edit,LOVE ALL SERVE ALL
5effc00a4e9f32892901d276bc4153f3,Bad Habit,Bad Habit
5cf169e695a1e4f67a4b50b838b90ae2,Horangsuwolga,Horangsuwolga
92ab82766191ff64f84e5cc3b42d2165,Sad!,Look at me: the album
ec0f4764c65e8f72ee3bc3e37413cdd5,"UP (Feat. Jay Park, Woo) (Prod. CODE KUNST)",Show Me The Money 10 Final
05c873e579c55ea17c5d8ab0cec34d3d,Limousine (Feat. MINO) (Prod. GRAY),Show Me The Money 10 Episode 3
e40c772c01031d6c5fe5a85771af4fe4,BAD LOVE,BAD LOVE - The 1st Mini Album
e624e485ae749b5853585e5f40e5dc5d,WATER. (feat. Bryce Vine),WATER. (feat. Bryce Vine)
6a42730ee259c655f12061bcb437829d,All My Loving (Acoustic),All My Loving (Acoustic)
5e27f63a72c292a6029907664dd444c5,Congratulations (feat. Bilal),The Divine Feminine
5be4f9e0e29760c518d5006592f60ebc,ADVICE,ADVICE - The 3rd Mini Album
100a8fa09d15408286ce25b74555a382,PAKU,PAKU
11feefe803183ba1ef2883b1ed23463c,Halos,Bless You
6e72c81cb7cf438b579ea6324850d3b6,Yours,Yours
bcc8fa61fb5f85130b132c7588bdbff5,Grand,Grand
48a0cf5f69a8f39e68332de496f7fece,this is what sadness feels like,this is what ____ feels like (Vol. 1-4)
26e547733ff9e99a191c09406c2b99fc,SMF (Prod. Czaer),Street Man Fighter (SMF) Original Vol.1
f599e2266525e4a76f464f09a7ad4849,"Mr.Crooked (Feat. Kim Seungmin, Han Yo Han)",Mr.Crooked
645d54d5f3cdc04cc783859b9de19f75,긴 밤 (feat. GIRIBOY),긴 밤 (feat. GIRIBOY)
9f1d849948d5f1e53b3bdf207faf7554,What Do I Call You,What Do I Call You - The 4th Mini Album
31279c5b2729e269bf56430c27760fc5,"1, 2, 3 (Feat. BIG Naughty)","1, 2, 3"
bcccf91f665073f1f89ef002826bed42,Why,"tick, tick... BOOM! (Soundtrack from the Netflix Film)"
588a5d393471967082e122a7952312eb,"I’m Hooked (Feat. nafla, Hash Swan)",2MONTHS
e1d8093df9341c2c207bd388cb6a2701,Die Hard,Mr. Morale & The Big Steppers
67e7248667331292ae0efa1ea57571f0,Kaerou,HELP EVER HURT NEVER
ee528ac3b55ecb007bd086300deb279d,Diablo,Show Me the Money 8 Episode 4
a21fde78527e7a19941878fcba16a4f4,More Than A Woman - Remastered,Anthology
96f10c60d22ff13172610bd5540063e9,Vinyl Days,Vinyl Days
f71efb986748f556b1388adbae09bc6e,CRY FOR ME,CRY FOR ME
8666ff961490d760a430a370734ea504,Nan-Nan,HELP EVER HURT NEVER
3f0b8a727c3ccae432a516bbede1b02b,American Boy,Shine
ad238087bbfb8677c0eff3fee6189faf,sun and moon,sun and moon
1099e000ceea3b6abcb57ac3b91bfa79,Until I Found You,Until I Found You
9001986aeb3eb8e0e3e96bf05907fd4b,Seishun Sick,Seishun Sick
2931f51a03b8637a6689c7b101ab650b,Substance,Holy Fvck
3008408261bd5c3462cdd4010ee7f659,everything sucks (feat. Eric Nam),everything sucks (feat. Eric Nam)
71cff8b6052f16d438f2359abc7ce0ba,WHY YOU?,WHY YOU?
d3595789c3ff1869dd3ebe46a3089e76,Face To Face,Free Time
0a38f3385f51313a430e8374b584d787,Do I Do,Do I Do
9af79e3375c5761e130fb63d37e932e2,"Good Morning (feat. Car, the garden)","Good Morning (feat. Car, the garden)"
1784ae825b9e6b6b648ae20deec36b58,As the World Caves in,As the World Caves in
2d75578bda241650a85d998e7f9dda21,I Ain't Worried,Top Gun: Maverick (Music From The Motion Picture)
fade19e3c25c3b2123cee4c556ac6c7f,Come to Your Senses,"tick, tick... BOOM! (Soundtrack from the Netflix Film)"
4d1db8bec336ac05d0ceca12fe48c6d8,Loving You Girl (feat. Hkeem),Loving You Girl (feat. Hkeem)
65fe83900d4f9b6302da60e2358f5ce9,2992,THE MILLENNIUM PARADE
81cf6107131a3583e2b0b762cb9c2862,U,U
5b6c3a6a3a4732b75b1dbb6f19515709,Therapy,"tick, tick... BOOM! (Soundtrack from the Netflix Film)"
4fa0cbf3465a45776989329db7bc1746,Polaroid Love,DIMENSION : ANSWER
a262d96b882ce93046cb1ee9ca90e62b,Dive with you (feat. eaJ),Dive with you (feat. eaJ)
9baea1af56b2d221bed38f531370274a,Louder Than Words,"tick, tick... BOOM! (Soundtrack from the Netflix Film)"
1c9bd6d0b8c51f8667cfe8d5ed35a801,Let's Pretend,1 (646) 943 2672 (Extended Play)
e79501ffb56f66abbbf4e5145a04fabe,The Search,The Search
30be14d0e8a89200daf8c2078cb3c9b6,nostalgia,nostalgia
097d3f3505ee7c4a5dfad9071b57160e,Stay,Messages
13ae976a6b4f98acb0ddad53f8671201,Miss America,Miss America
4b00fbc94a189cad6856951ec8888546,Love Theory,Love Theory - SM STATION
9089a0b6f6e0b7e84fbf6e19afa8dc44,BAD SAD AND MAD,Life is a Bi…
d5b8c0214acfae31f7948f91b9a88d0a,EAT ME,HOLY FVCK
f68289013f0f0d3ebbe3ab69ebb57bc9,Trepanation,THE MILLENNIUM PARADE
5786a7e30b2e6bbe5a000822c2c31d90,Slow,Cassa Nova
084dea26bd6fa72cabd993eeb4271277,Because of you (inst),Girl Who Sees Smell (Original Soundtrack) Part.5
fc6c9a50eabbea892acaf10e13ce0ce5,tV,Guitar Songs
9dbcda8f9bea5cd7cea4d55959c184b6,Cooler Than Me (feat. Big Sean),Cooler Than Me EP
35d6e464a69f55b566ed0371653e8d73,Rocketeer,Free Wired
d43b9ea1864f36514d4ae0a86aa3d702,Meaning Of You (Feat. Kim Chang-Wan),꽃갈피 [Kkot-Galpi] : A flower bookmark
7a8cffbc1c0abf3d5921aa4281d194ec,If there was practice in love (Prod. 2soo),If there was practice in love
b90579b3596b873ab8249baf3af7f120,"MT (Feat. ron, JAMIE)",IT'S YOUR WAY
31da8f98e9ab829ba6b2817f7dfdfdb7,lost and found,THE MILLENNIUM PARADE
42559c321688a2e2d22fa9e90cc414f6,Carolina - From The Motion Picture “Where The Crawdads Sing”,Carolina (From The Motion Picture “Where The Crawdads Sing”)
8d7aae4b0a275ba7398b3eb0ae520407,"Rewind (Feat. TRADE L, OSUN)",IT'S YOUR WAY
086d2fd7719e3f56b8dcf8ac95475e62,Independent Women Part I,Survivor
f71fd5d85aaa77a1888caecb89d966dd,Midnight Train 심야행,Nonadaptation 비적응
9f9b2cc815388d1e24839fd03b496f25,Please Love her,Stand Alone
7f6a10c663a7c8c0420acd68bdc1b690,Can't Take My Eyes Off You,The Very Best Of Frankie Valli & The 4 Seasons
6e66584fb4e1076d58faf87f2ed0faec,DEAR MISS HOLLOWAY,DEAR MISS HOLLOWAY
b02c87a207e611e2a7ad38a1ab52ee09,neverletyougo,Rx
0ea5d933a6e4c5da5d1626b86f17eec4,きらり,LOVE ALL SERVE ALL
31ded1558a72e0470e7fd5bafdb2d3e0,Promiscuous,Loose
41d11046dc412b60c5c4cf2f1164aeb8,Fragile (feat. youra & pH-1) [2022 Remaster],Avenue
7f56aaa32c8461baf78150a5ab45bfd3,Business (Feat. BE'O),The 1st Mini Album 'Day & Night'
2702fd0a26b20f4e85f9c2bdcf923c2d,Denial,Denial
c0d77f61b6c7947ce75062515e9596be,if i die (Feat. ASH ISLAND),Fix you
69c7a947748b2eb098f0cbf219f64762,Sanmon Shosetsu,Sanmon Shosetsu
6927f7cf5bb787e09eb0a408909ac027,Fly with me,THE MILLENNIUM PARADE
019da19e4a81f5b2626826c26882a161,If We Ever Meet Again,IM HERO
7f959bd03e6fd380de4d1205938a2547,HOLY TRINITY,HOLY TRINITY
a6d7ca7a68e60d311eeb100f68d54568,My Way,"돈꽃 (Original Television Soundtrack), Pt.1"
676e26b6a10f0c8bfe2bcf44fffe1788,toxic energy,toxic energy
67f5abc7a86faadabfe87d95e1eb176e,MANIAC (feat. Windser),MANIAC (feat. Windser)
b64546bec7e2452275f512b95b4e94e7,BAD FOR BUSINESS,emails i can't send
4becd44631885861700de0e37c885d33,Let You Down,Let You Down
371ab2b9a3b06fa0c5398d83c67676e5,Consistency (feat. Jhene Aiko),Traumazine
ee339b39cd68d8a7e32285f3029819ae,Middle Of A Breakup,Middle of a Breakup
6a0a8d492cc88499a5a98ab2f309847f,Shatter,Surrender
404a2ed674363601372c9e6553985068,Throwback,Pillow Talk
1e85d8415b25c86cf392b10f0f4ce1dd,TORNADO WARNINGS,emails i can't send
e5ebdff1929dd7431cd6274adaf85535,Lobby,Lobby
dd9f72cb209dd9f9f157a6c6fa94fa90,Freakout/Release,Freakout/Release
2f7c1d5092d37c16347c63a628feaa64,hover like a GODDESS,hover like a GODDESS
fc5069dc5c5e8232a63eb498ff919511,self sabotage,self sabotage
d5e88c702c003acb8ea18aef115391fe,"Promise (From ""Epic Seven"")","Promise (From ""Epic Seven"")"
f6c2a69f9bbab5736ebf08177d2398fe,Paris to Tokyo,Paris to Tokyo
6f1fbe1040fd6e2c24db8ba4a17178a8,L.I.E - Prod. ZICO,L.I.E (Prod. ZICO)
91f1e65fbc78107b0aee1bc9b6d5935c,Karaoke,Karaoke
94282a89e664befda761623d0f273f34,HANDSOME,HANDSOME
8d9144ba134b48a74d50f02c34e2da1d,Slumberland,Sympa
ba16c0d86003055c449d8321f246e394,Stick,D-Day: A Gangsta Grillz Mixtape
0a0dbc6c9929694664a0a63f29f88530,Dimples,Genre
60b6ec2b638e2c9b5c275ab93d1eb6fd,MOVIE,MOVIE
dfa947efdf62f3927c3a2156b49aed18,29 (Freestyle),29 (Freestyle)
24c87c1856b82467b32733bc5b17e053,FEARLESS,FEARLESS
a9684ec6f5b99aef1758713c1d83ed61,holy fvck,Holy Fvck
06fdb8123773ef64d2c903098ba28ccd,don't come back,I Used To Think I Could Fly
8b1855c77c528ec2dd65196030635ded,The Hardest Part,The Hardest Part
436d6cc7f0d356108f231ff3f1c19823,"Double Up (Feat. skinny brown, CK)",IT'S YOUR WAY
396a252592165a2c894c6ad961e121ca,Cooped Up,Cooped Up
901574e237a77a39ddb6a5810d7422bb,29,Holy Fvck
a3fa9884ca5bbbf287ab3b2c7ef03f9f,Skin Of My Teeth,Holy Fvck
3085cdf610e0f07acf20944e4bd5208e,"Talk About Me (feat. Kid Cudi, Denzel Curry & JID)","Talk About Me (feat. Kid Cudi, Denzel Curry & JID)"
6e0a7283378b935e9aafc8396226ccd1,Valley of Lies,Valley of Lies
cc856fbb8ea35021b1e8425e2541e799,Time Machine,Fantasy Gateway
815481d4c608120d82006a8a81448a7f,If I Get Caught,If I Get Caught
3fac1c604d678232a33c8eeba8dd2c7e,OUTTA LINE,SORRY 4 THA WAIT II
c05a596a3e2aa92d4f61da87fd4401ce,[Admire Her],[BUMP] Pick Me Up
eef3ce32a4786930b0c1a16d756d6d6a,If I Had Eyes,Sleep Through The Static
f9d57b8cc6faa95b621020e2170c842a,踊り子,踊り子
c0ae7d3de2d5080de894ea6b4f564b5a,Let Me Down Easy (Lie),Let Me Down Easy (Lie)
d2ff2322978be5e0dbbb5fddbb0ffa49,Reminds Me Of You,Reminds Me Of You
3c774835046f1619eb0fcdcfc45c3a36,ETA,M87
a01f53f95b4b05f2c5713afb71b947ba,Escape,Escape
8386713f560ba24bc46ecf3c0541474a,Coast,Coast
ebf1189947b7c4fde657ffc686a0b7fb,"Hair Toss, Arms Crossed","Hair Toss, Arms Crossed"
9305b460f5fe25ac9c5c023134193ad1,ASAP,STAYDOM
5df519c46b58ce42e5b89edeb4b00686,Baby I Need You,Pole Dance
d1f461baba124c06b4d35c4ae7e081e5,"Young, Wild & Free (feat. Bruno Mars)","Young, Wild & Free (feat. Bruno Mars)"
74d71846e8ba9322a48bbd00d23d33ba,Tetris,Tetris / Decades
f3051aa057019aab71a852e3bb0fcf96,Overseas (Bonus),From The Can
396b5649d723d2d559fdc2c52f71fcef,Daydreaming,Daydreaming
9ea34c658175a8983a82110a15252945,i hate her boyfriend's face,i hate her boyfriend's face
7a65c7487d961f6b9d296743f521e81d,Le temps de l'amour,Françoise Hardy (Tous les Garçons et les Filles)
e1b77302242fbb82d00dcded9c3360e3,Sharks,Sharks
1d011d7cfbd9952c87f19b5a4b22c21e,Foolish Love,MSG WANNABE 1st Album
14d16618ad0b9a38a77e39285749a565,Man proposes God disposes,Man proposes God disposes
a8c700bdc044850a350dfb5a3c7228a5,ALONE,ALONE
1538bbc6b896ba7b746d396b82666ea1,Substance,SUBSTANCE
65871428a5ab84bef5b66b21fcf6ec7a,Talk Too Much,Talk Too Much
79eecaa541098d28294ab32c4eb9ec29,Die Young (feat. 347aidan),Die Young (feat. 347aidan)
e80be2c9d798c12ba6a669c9567a5ab3,HAPPEN,HAPPEN
4ffc2d947f02f8f8676f7757bf28cfd2,Shkleepy,A Safety Meeting
b6b5d91235849110e7804abbdc1243db,"Cash In Cash Out (feat. 21 Savage & Tyler, The Creator)","Cash In Cash Out (feat. 21 Savage & Tyler, The Creator)"
99a596e2ffc6c41243ff3e3c02837cd9,My Romance,Hometown Cha-Cha-Cha OST Part 3
b19a90260036d8556293cd8c7ddf1397,L.I.E,L.I.E (Prod. ZICO)
a7ea2b4f1842f0c89e7cd6486f8da85b,Romantic Sunday,Hometown Cha-Cha-Cha Ost Part 1
c07333736c1f3a1742a84f897553699c,Homebody,staying
7fd63cafa71bfe5b76e6f388aa145900,THIRST,DPR ARCHIVES
850ebbbec07748c7f848676a52b1ce98,놀이공원 Amusement Park,Bambi - The 3rd Mini Album
a7694949989a9f3a6c8759e267de565f,Seoul,Seoul
c231adceaa915976d492ed0ed9e8ab66,16,The Melodic Blue
2be8a87c0a1a5ef99c625287034aae8e,someone will love you better,someone will love you better
1555fbe766395ad2a3f3a03d683989c2,Big Energy (feat. DJ Khaled) (Remix),Big Energy (feat. DJ Khaled) (Remix)
ba2d224f77dd480eb647d475225c5b88,arsON,Jack In The Box
8633c17ca44d9a1aae3f17d7288011d4,Desafinado,Minions: The Rise Of Gru (Original Motion Picture Soundtrack)
5bf6fd7dd96c42c36c9ce9e054c20762,Cooped Up,Twelve Carat Toothache
89e5a42467fa882619443ee0686d3f46,Hawaiian Party,BATS
e8fc0d1cbfd338416a232c9ea8639f9e,그 사람,제빵왕 김탁구 (Original Soundtrack) Part.3
f1279e9b54a5a202dbadd3509ecff8fe,Real Life,"tick, tick... BOOM! (Soundtrack from the Netflix Film)"
35aef6003fe7e0cf4924d70656066402,"Holst: The Planets, Op. 32 - 4. Jupiter, the Bringer of Jollity",Holst: The Planets
096870368e995d869979c103ce779d9b,Whatshisface,Whatshisface
951a5df5b619e45fcc79252236913988,Glimpse of Us,Glimpse Of Us
8599617452a4e47beaf432c0c5e219da,Photo Booth (feat. Jaeha),Beginning
4d5eec09891b21cdb03c28f05a0838d4,Jeder tötet was er liebt (Extrait de la bande originale du film Peter Von Kant),Jeder tötet was er liebt (Extrait de la bande originale du film Peter Von Kant)
efcb4c13ee50183927a483e1c6714a48,About You,Before You Go
6b8ae4aa395769f6543dcafc5716f0a6,Sparks,Parachutes
b82f46c69e2919b286bd7e6a9dabb6d8,Speakers,(Un)Commentary
651f6beec0ef941e9d005feaa187daa0,No.5 (feat. Crush),Garden
097c36d17fc697b3917cc570e0669eb5,3:37 AM,3:37 AM
fa51cdd67d6d3ebe7761fbe2cf71d428,Love is Timing,Busker Busker 2nd
153d7523bb11a406847ffc645bb2937b,Feel Like Falling In Love,"Because This Is My First Life (Original Television Soundtrack), Pt. 3"
fd67ab5da12798d3dfbbf32f70f63d8a,Cinderella,Cinderella
0c02e8b8d5808861ba98294abe1de55b,my strange addiction,"WHEN WE ALL FALL ASLEEP, WHERE DO WE GO?"
651a701cf2471559764abc75ffcf2284,I Love You,Free the Bees
1291b80548ea1cfed298e8c0795df026,Let U Go,Let U Go
f83b27738e58e6f5a415df5d1490a296,Godzilla,Music To Be Murdered By
e2580d00f282cbf29a73cebbfd4541b0,Breath,I am A Dreamer
cc1da6b1de8f29c5e8174eee07c267b7,Swimming,Swell
167788fba24386e53ef49fee86a6a71c,BOY,BOY
78f5a7a7c2ba2130c1b21ca4a7c3d1dc,눈 (Feat. 이문세),눈
d74a48951da4a89f80b2a959f2d6a6f0,Witch Love,What a Tease
c010e3a94d70d75a28ab3e297947107e,On Rainy Days (2021),On Rainy Days(2021)
54c0fca76185ecbcded6f8d5ac288d87,End of the World (Feat. Gsoul),Epik High Is Here 上 (Part 1)
ff1a0d8fdf5d675972d9c4f3b60580f7,Sunday,DopeBoy
48723a24f926a40a3330d5bbf4bfadcf,FiNE!,Left
88874a0c58067dd2e9a603b7d07c691c,Love is...,Love is…
77224090a29c48f361dd2dc7200961c0,Fire,Fire
ca19ec1761eaf3a0fc5c15a9dc1a9875,Pool,pool
7ba7324dc8017b8903508254dd210b72,"24 Hours (Feat. Chin, SC4F & MADII)",IT'S YOUR WAY
1f7959a9740dc6cffd7deb30dfeae03c,"I Have Never Felt More Alive (from the feature film ""Fall"")","I Have Never Felt More Alive (from the feature film ""Fall"")"
d8eaa49365c0a73528f32018e5de2b97,4:00 A.M.,Mignonne (Mastered by Bernie Grundman)
880f52eae862d8a78a62f68c29017f0b,Dear my X,Dear my X
d8c9c3fdf21faf3a45018c8ca13df230,BAILÉ CON MI EX,BAILÉ CON MI EX
1c092f737422d4b816ad3987bfc4d2ec,The Weekend,The Weekend
f7c92bc76bfaae684c43a67b8524f337,真夜中のドア～Stay With Me～,Nagashi No OOJA Vintage Song Covers
2d2e8fd6f872887219f0e8734e1ab3d7,I Like You (A Happier Song),Twelve Carat Toothache
bee927b77f1e1c4d3ebb0b63f2775f57,Side Effects (feat. Satica),MOTH
33de43bd1844bc76680edc1f9f528cf1,Let It Go,Metanoia
7b573f50f4f82b0850de3d055ccd2373,Sunday,"tick, tick... BOOM! (Soundtrack from the Netflix Film)"
bcd41f2695e5f6bffeffe6cf93490413,A Midsummer Night's Sweetness,"San E, Raina Project Single 'A midsummer night's sweetness'"
3b3b7ac4a896394ada483b95374f2b47,Can't Give Up,Can't Give Up
a4ffae3d81af889734f6e99d17e122ab,23 (Feat. SAM KIM),23
2ab8d224f0f1a57bdda539e82330bee4,Vanessa,1 (646) 943 2672 (Extended Play)
79ff957ecb7b68719501a9f38af7d0bd,First Winter,First Winter
15b52c1dfbf4596fc6d8e9165bd8757e,Everyday With You,꽃갈피 둘 [Kkot-Galpi #2] : A flower bookmark
b22a8675512362214261993feb4d3fd6,Obliviate,Modern Times - Epilogue
d6c8222d2afeaf41b9362543b7052018,LILAC,IU 5th Album 'LILAC'
0c50d1d9d24216088df40a784de73878,E 이,Nonadaptation 비적응
b620d5d556047e9fe5337fb2bba19d3a,Hyakki Yagyo,THE MILLENNIUM PARADE
80b364e15a438fc52301418bb17e765e,Goodbye,Goodbye
ceea61ea727e7ae1e12e489d923188e3,Flower,Flower
327ef3222d85b18a6210dbda3e29b09a,"Why do u say (Feat. MOON, ASH ISLAND)",Why do u say
8dab78b6b2e46ebe778825390f30aa11,Shut Up,Shut Up
c0581d4ab85ac27b59041fada9e3defe,Hakujitsu,Hakujitsu
ae435280cde5009781e24a9a83e79502,Attention,Summer of Love
8011ce9168ba75a2ff2c414c9a7fc6bc,Zz'City,So!YoON!
ec30c4477d8a4777f56d8a2ca5e25806,Wake Up (Prod. CODE KUNST),Show Me The Money 10 Episode 1
87c10bae774460ba7ad6e410184adb24,Teenage Blue,Illuminaughty - EP
4890db4b7eb1528661570dd404b050a9,GOTHAM,GOTHAM
47feabdb592bb944c02d14b78ca4a586,Mayonaka no Door / Stay With Me,POP IN CITY -for covers only-
991341e76fef61319cbbccdc467062d7,U (English Version),Belle (Original Motion Picture Soundtrack) (English Edition)
7b7e96dd27fb57e92b474b9a07056319,River Run,River Run
c564b05818ea2b1253389397e1dc1d94,New Money,New Money
83ce6cf7d34c6203cdb4fef8503666c1,This Old Heart Of Mine (Is Weak For You),This Old Heart Of Mine
35dae2c0759805e2db4221a66c6a6911,2 Wardrobes,2 Wardrobes
aa12a9cc8e5737660593118833e72129,Light Breeze,Light Breeze
bd5f5328cd7222c6671259c1bdef1caf,May I Ask (feat. Alexis Kim),May I Ask (feat. Alexis Kim)
5f5671a20d74993edc38efa89e165715,Overthinking,Overthinking
fc328f84462fe59b8b88474b278a462e,Skating in Central Park,Undercurrent
2cdfc9da67c9c7ed2aef686617a0e78e,Outside,Outside
ae5ce2989f5531b8e3759df274685447,Good Luck,Rockstar / Good Luck
88bdc5aa930bcfb01d44b61d63f555ae,feel the same,feel the same
e0420f19779cd0fe2b8a3db3f2cdbeae,A Bar About a Bar,A Bar About a Bar
9bb0db5026a178f07d92452777fc5b4b,Party Trick,Party Trick
fca00e55b12ad4b7d7aa672baba4f134,SCAR (Prod. BOYCOLD),SCAR (Prod. BOYCOLD)
b1fdee5bbb46d44645711b6ceae3ba5d,Damn! (Feat. Black Nut),DOUBLEONOEL
87af45589bc993455957348d2f3391fa,Too Much (feat. Lucky Daye),Too Much (feat. Lucky Daye)
9512dba83b43df857bcf5500825500ae,"Sucker For Pain (with Logic, Ty Dolla $ign & X Ambassadors)",Suicide Squad: The Album
283a6ef1e61743767783fa4f36cd5d39,BERMUDA TRIANGLE,BERMUDA TRIANGLE
128a58c070e3b4d995a3e6b6939b6940,Lady Brown,Metaphorical Music
093a73e9c086a20a7370102da0fe0369,Falling from the Sky,FALLING FROM THE SKY
de75a20bd83f2a5719e0ddac4747a768,Car Crash,Car Crash
3daf9535cb258227dab831a68bf41b02,Numb Little Bug,Numb Little Bug
93d0768e1b2fff93ef88cc7999021abb,The Truth Untold (Feat. Steve Aoki),Love Yourself 轉 'Tear'
38f8153b6aba2a1af7242a09b7a59582,Whiskey and Morphine,Head High
0665b102f44d57ecc15351afb6e8d7ee,Pick Your Poison,Before You Go
7a04d25dea0970f6209e967607427a42,Stacy,Stacy
3547014a2eb8f1e5587bfee194a12733,Fluorescent Adolescent,Favourite Worst Nightmare (Standard Version)
